7b2m_D	7b2m_D
7b2p_D	7b2p_D
7b2q_D	7b2q_D
7b5g_B	7b5g_B
7dv4_B	7dv4_B
7ept_N	7ept_N
7ept_N	7f0t_E
7ept_N	7f1o_E
7ept_N	7f23_E
7ept_N	7fim_N
7ept_N	7fin_N
7ept_N	7fiy_N
7ept_N	7lll_N
7ept_N	7lly_N
7ept_N	7ra3_N
7ept_N	7rg9_N
7ept_N	7rgp_N
7ept_N	7s1m_N
7ept_N	7s3i_N
7ept_N	7t9i_N
7ept_N	7t9n_N
7ept_N	7tmw_N
7ept_N	7tyf_N
7ept_N	7tyh_N
7ept_N	7tyi_N
7ept_N	7tyl_N
7ept_N	7tyn_N
7ept_N	7tyo_N
7ept_N	7tyw_N
7ept_N	7tyx_N
7ept_N	7tyy_N
7ept_N	7tzf_N
7ept_N	7utz_N
7ept_N	7v35_N
7ept_N	7v9l_N
7ept_N	7vab_N
7ept_N	7vbh_N
7ept_N	7vbi_N
7ept_N	7vqx_N
7ept_N	7vuh_N
7ept_N	7vui_N
7ept_N	7vuj_N
7ept_N	7vvj_N
7ept_N	7vvk_N
7ept_N	7vvl_N
7ept_N	7vvm_N
7ept_N	7vvn_N
7ept_N	7vvo_N
7ept_N	7wbj_N
7ept_N	7wcm_N
7ept_N	7wcn_N
7ept_N	7wq4_N
7ept_N	7wu2_N
7ept_N	7wu3_N
7ept_N	7wui_N
7ept_N	7wuq_N
7ept_N	7wxu_N
7ept_N	7wxw_D
7ept_N	7wy5_N
7ept_N	7wy8_D
7ept_N	7x2c_E
7ept_N	7x2d_E
7ept_N	7x2f_E
7ept_N	7x8r_N
7ept_N	7x8s_N
7ept_N	7xjh_N
7ept_N	7xji_N
7ept_N	7xkd_N
7ept_N	7xke_N
7ept_N	7xkf_N
7ept_N	7xou_N
7ept_N	7xov_N
7ept_N	7xp4_N
7ept_N	7xp5_N
7ept_N	7xp6_N
7ept_N	7xt8_N
7ept_N	7xtb_N
7ept_N	7xtc_N
7ept_N	7xtq_N
7ept_N	7xv3_N
7ept_N	7xw5_N
7ept_N	7xw6_Y
7ept_N	7xz5_N
7ept_N	7xz6_N
7ept_N	7y35_N
7ept_N	7y36_N
7ept_N	7y3g_N
7ept_N	8dcr_N
7ept_N	8dcs_N
7ept_N	8e3x_N
7ept_N	8e3y_N
7ept_N	8e3z_N
7ept_N	8f0j_N
7ept_N	8f0k_N
7ept_N	8f2a_N
7ept_N	8f2b_N
7ept_N	8f76_N
7ept_N	8flq_N
7ept_N	8flr_N
7ept_N	8fls_N
7ept_N	8flt_N
7ept_N	8flu_N
7ept_N	8fu6_N
7ept_N	8g2y_N
7ept_N	8gw8_N
7ept_N	8ha0_N
7ept_N	8haf_N
7ept_N	8hao_F
7ept_N	8hdo_N
7ept_N	8hdp_N
7ept_N	8hj0_N
7ept_N	8hj2_N
7ept_N	8hmv_N
7ept_N	8hti_N
7ept_N	8i2g_N
7ept_N	8ioc_N
7ept_N	8iod_N
7ept_N	8iq4_N
7ept_N	8iq6_N
7ept_N	8itf_N
7ept_N	8itl_N
7ept_N	8itm_N
7ept_N	8iuk_N
7ept_N	8ium_N
7ept_N	8iw9_N
7ept_N	8izb_N
7ept_N	8j9n_N
7ept_N	8jip_N
7ept_N	8jiq_N
7ept_N	8jir_N
7ept_N	8jis_N
7ept_N	8jit_N
7ept_N	8jiu_N
7ept_N	8jr9_N
7ept_N	8k8j_N
7ept_N	8kgk_E
7ept_N	8kh4_E
7ept_N	8kh5_E
7ept_N	8pm2_N
7ept_N	8pok_E
7ept_N	8smv_N
7ept_N	8u26_N
7ept_N	8uhb_N
7ept_N	8w87_N
7ept_N	8w88_N
7ept_N	8w89_N
7ept_N	8w8a_N
7ept_N	8wa3_N
7ept_N	8wc6_N
7ept_N	8wg7_N
7ept_N	8wg8_N
7ept_N	8x79_N
7ept_N	8x7a_N
7ept_N	8xgr_N
7ept_N	9auc_N
7ept_N	9axf_N
7f5g_B	7f5g_B
7f5h_C	7f5h_C
7n9v_J	7n9v_J
7ndf_C	7ndf_C
7ndf_C	7ph2_D
7ndf_C	7ph3_C
7ndf_C	7ph4_C
7ndf_C	7ph7_D
7noz_R	7noz_R
7ns6_G	7ns6_G
7ns6_G	7nll_A
7nvl_N	7nvl_N
7nvl_N	7nvm_N
7nvl_N	7nvn_N
7nxx_B	7nxx_B
7ocy_C	7ocy_C
7om4_B	7om4_B
7p2d_C	7p2d_C
7pa5_B	7pa5_B
7paf_B	7paf_B
7pqg_B	7pqg_B
7pqq_B	7pqq_B
7q3q_B	7q3q_B
7q3r_G	7q3r_G
7q6c_K	7q6c_K
7q6c_K	7sk5_K
7q6c_K	7sk7_K
7q6c_K	7tuy_K
7q6c_K	7wpd_Z
7q6c_K	7zlg_K
7q6c_K	7zlh_K
7q6c_K	7zli_K
7q6c_K	7zlj_K
7q6c_K	7zyi_K
7q6c_K	8acf_K
7q6c_K	8aci_K
7q6c_K	8gsi_F
7q6c_K	8hii_N
7q6c_K	8hij_N
7q6c_K	8hik_N
7q6c_K	8j9o_C
7q6c_K	8jh7_K
7q6c_K	8jhc_K
7q6c_K	8odx_K
7q6c_K	8qot_B
7q6c_K	8r61_C
7q6c_K	8rqf_K
7q6c_K	8tb7_N
7q6c_K	8u4v_K
7q6c_K	8wnp_G
7q6c_K	8wnu_G
7q6c_K	8wo4_G
7q6z_B	7q6z_B
7qbd_E	7qbd_E
7qbe_E	7qbe_E
7qbf_B	7qbf_B
7qbg_E	7qbg_E
7qic_C	7qic_C
7qic_C	7qia_C
7qjj_C	7qjj_C
7qjj_C	7qji_C
7qn5_F	7qn5_F
7qn5_F	7qn6_K
7qn5_F	7qn7_F
7qn5_F	7qn8_K
7qn5_F	7qn9_L
7qn5_F	7qna_N
7qn5_F	7qnb_N
7qn5_F	7qnc_F
7qn5_F	7qnd_K
7qne_G	7qne_G
7r24_C	7r24_C
7r4i_D	7r4i_D
7r4q_D	7r4q_D
7r4r_D	7r4r_D
7r74_B	7r74_B
7rby_B	7rby_B
7ri1_B	7ri1_B
7ri2_B	7ri2_B
7ri2_B	7r73_A
7s2r_B	7s2r_B
7s2s_C	7s2s_C
7s7r_B	7s7r_B
7sai_C	7sai_C
7saj_B	7saj_B
7sp6_B	7sp6_B
7sp6_B	7sp7_B
7sp6_B	7sp8_B
7sp6_B	7sp9_B
7sp6_B	7spa_B
7sp6_B	8snc_B
7sp6_B	8snd_B
7sp6_B	8sne_B
7tpr_D	7tpr_D
7ubx_D	7ubx_D
7uby_D	7uby_D
7uie_E	7uie_E
7uie_E	7uia_E
7ul3_C	7ul3_C
7uny_B	7uny_B
7unz_C	7unz_C
7upm_B	7upm_B
7ust_B	7ust_B
7usv_D	7usv_D
7vfa_D	7vfa_D
7vfb_B	7vfb_B
7vke_B	7vke_B
7voa_A	7voa_A
7vq0_D	7vq0_D
7w1s_B	7w1s_B
7wd2_C	7wd2_C
7wki_B	7wki_B
7wn0_B	7wn0_B
7wn1_C	7wn1_C
7x2l_B	7x2l_B
7x4i_E	7x4i_E
7xli_B	7xli_B
7xli_B	7xld_B
7xqv_B	7xqv_B
7xrp_B	7xrp_B
7y0o_H	7y0o_H
7y0o_H	7y0n_C
7y9t_D	7y9t_D
7y9t_D	7y9u_C
7y9t_D	7y9v_C
7yag_C	7yag_C
7yag_C	7yah_C
7yag_C	7yai_C
7yag_C	7yaj_C
7yit_D	7yit_D
7ym8_D	7ym8_D
7yz9_B	7yz9_B
7yz9_B	7yzi_C
7yz9_B	7yzk_C
7z9r_Y	7z9r_Y
7z9r_Y	7z86_X
7z9r_Y	7z1a_B
7z9r_Y	7z1b_B
7z9r_Y	7z1c_B
7z9r_Y	7z6v_X
7z9r_Y	7z7x_F
7z9r_Y	7z85_F
7z9r_Y	7z9q_D
7zau_B	7zau_B
7zf4_F	7zf4_F
7zfb_N	7zfb_N
7zfb_N	7zfc_M
7zfb_N	7zfe_Z
7zfb_N	7zxu_A
7zfb_N	8bh5_C
7zfb_N	8c3v_I
7zfb_N	8cii_C
7zg0_G	7zg0_G
7zkw_C	7zkw_C
7zkw_C	7zk1_B
7zkz_B	7zkz_B
7zmn_K	7zmn_K
7zmn_K	7zmo_K
7zmn_K	7zmp_K
7zmn_K	7zmq_K
7zmn_K	7zmr_K
7zmn_K	7zms_K
7zmn_K	7zmt_K
7zmn_K	7zmv_K
7zqt_B	7zqt_B
7zw1_C	7zw1_C
8a67_D	8a67_D
8a67_D	7nbb_D
8aok_B	8aok_B
8aom_V	8aom_V
8apy_C	8apy_C
8b17_B	8b17_B
8b17_B	8b18_B
8b17_B	8b19_B
8b17_B	8b1a_B
8b17_B	8b1b_B
8b17_B	8b1c_B
8b17_B	8b1d_B
8b17_B	8b1e_B
8b17_B	8b1f_B
8b17_B	8b1g_B
8b17_B	8b1h_B
8b17_B	8b1i_B
8b17_B	8b1j_B
8b17_B	8b1k_B
8b41_G	8b41_G
8b7w_H	8b7w_H
8b8i_A	8b8i_A
8bb7_D	8bb7_D
8be2_N	8be2_N
8bgg_Y	8bgg_Y
8bgg_Y	8bev_B
8c02_B	8c02_B
8c02_B	8bzy_B
8c5h_N	8c5h_N
8c8p_H	8c8p_H
8c9x_F	8c9x_F
8c9x_F	8cau_F
8c9x_F	8ci2_F
8cd0_C	8cd0_C
8cml_A	8cml_A
8coe_B	8coe_B
8cxn_D	8cxn_D
8cxq_D	8cxq_D
8cxr_E	8cxr_E
8cy6_D	8cy6_D
8cy7_D	8cy7_D
8cy7_D	8cwu_B
8cy9_D	8cy9_D
8cyb_D	8cyb_D
8cyc_D	8cyc_D
8cyc_D	8cwv_B
8cyd_D	8cyd_D
8cyj_A	8cyj_A
8cyj_A	8cya_D
8dam_C	8dam_C
8dfl_E	8dfl_E
8dfl_E	7ssz_E
8di5_H	8di5_H
8dm0_H	8dm0_H
8dm0_H	8dly_H
8dp0_B	8dp0_B
8dqu_A	8dqu_A
8dt8_H	8dt8_H
8dtn_A	8dtn_A
8dtu_A	8dtu_A
8e0e_B	8e0e_B
8ee2_C	8ee2_C
8eln_C	8eln_C
8elo_B	8elo_B
8elp_B	8elp_B
8elq_B	8elq_B
8emz_B	8emz_B
8en0_D	8en0_D
8en2_C	8en2_C
8en3_C	8en3_C
8et0_C	8et0_C
8ew6_V	8ew6_V
8eyg_E	8eyg_E
8eyg_E	8eyh_D
8eyg_E	8f4p_D
8f6u_B	8f6u_B
8f6u_B	8evd_A
8f6v_A	8f6v_A
8fcz_C	8fcz_C
8fcz_C	8fd0_C
8fcz_C	8fd1_C
8fif_A	8fif_A
8fxs_D	8fxs_D
8fxv_B	8fxv_B
8g0i_D	8g0i_D
8g0w_C	8g0w_C
8g70_E	8g70_E
8gz5_B	8gz5_B
8h3x_A	8h3x_A
8h3y_D	8h3y_D
8h5t_B	8h5t_B
8h91_C	8h91_C
8hbg_E	8hbg_E
8hbi_E	8hbi_E
8heg_D	8heg_D
8hr2_B	8hr2_B
8hxq_A	8hxq_A
8hxr_B	8hxr_B
8jrv_B	8jrv_B
8jrv_B	8jru_B
8jtw_B	8jtw_B
8jtw_B	8jtx_B
8jtw_B	8jty_B
8k3k_D	8k3k_D
8k3k_D	8k45_D
8k3k_D	8k46_E
8k3k_D	8k47_I
8ont_B	8ont_B
8opr_B	8opr_B
8oq3_C	8oq3_C
8oq3_C	7qiv_C
8oud_D	8oud_D
8oww_B	8oww_B
8ozb_A	8ozb_A
8p7w_D	8p7w_D
8p88_C	8p88_C
8p89_C	8p89_C
8p8a_D	8p8a_D
8p8j_F	8p8j_F
8piz_B	8piz_B
8piz_B	8pij_B
8pjp_C	8pjp_C
8pkc_C	8pkc_C
8pkc_C	8pih_B
8pnv_D	8pnv_D
8pnv_D	8pnu_J
8pyr_D	8pyr_D
8q6k_N	8q6k_N
8q93_B	8q93_B
8q94_B	8q94_B
8q95_B	8q95_B
8qf4_E	8qf4_E
8qf5_G	8qf5_G
8sbb_B	8sbb_B
8sos_D	8sos_D
8t5c_H	8t5c_H
8t6i_A	8t6i_A
8t6i_A	8t8i_A
8t6i_A	8t9y_A
8t7h_C	8t7h_C
8tng_H	8tng_H
8tnh_H	8tnh_H
8xld_B	8xld_B
